model,threshold_95,threshold_99
PCA_SPE,23.447874,68.09978
PCA_T2,110.89312,420.93774
