model,score_col,optimal_threshold,f1,precision,recall,roc_auc,avg_precision
Isolation Forest,iso_score,-0.11485035417758327,0.8106064897545099,0.7211989590205997,0.925318911292693,0.8109560912695195,0.8106066878280426
One-Class SVM,ocsvm_score,-10.628828756725419,0.7097639157530512,0.5528019749718868,0.9912056904356005,0.6470543432128566,0.7580728785176851
PCA SPE,spe,15.422259330749512,0.9546740039996029,0.9224503220501576,0.989230497913115,0.9800860432769956,0.9775299336135246
PCA T²,t2,26.93891716003418,0.8055169132591058,0.719029857636132,0.915654576450532,0.8159147201586604,0.8315984984509347
