component,explained_variance_ratio,cumulative_explained_variance_ratio
1,0.77629346,0.77629346
2,0.12541309,0.9017066
3,0.03948141,0.941188
4,0.022207383,0.96339536
